"State","Abbrev","Sector","Sector_Name","Employment","Total_Wages_M","Avg_Wage","Industry_Output_M","VA_M","Direct_VA_Coef","Direct_Wage_Coef","Type_I_Output","Type_II_Output","Type_I_VA","Type_II_VA","Type_I_Wage","Type_II_Wage","Emp_Coef","Type_I_Emp_Mult","Type_II_Emp_Mult","Jobs_Per_1M_Output_Direct","Jobs_Per_1M_Output_TypeI","Jobs_Per_1M_Output_TypeII","Jobs_Per_1M_GDP_Direct","Jobs_Per_1M_GDP_TypeI","Jobs_Per_1M_GDP_TypeII"
"Alabama","AL","711AS","Arts, Entertainment, Recreation",4190,162.939902,38887.8047732697,493.09,337.10048541,0.683649,0.312885,1.2185,1.9513,0.7998,1.2479,0.3723,0.5894,12.4295282307407,1.7622,2.6599,8.49743454541767,14.974179155935,22.6023261473565,12.4295282307407,21.9033146482113,33.0613021409473
"Alabama","AL","713","Amusement, Gambling, Recreation",18123,396.01411,21851.4655410252,896.51,529.09151368,0.590168,0.363814,1.3132,2.1732,0.7426,1.2685,0.4369,0.6916,34.2530536427409,1.8623,2.3051,20.2150561622291,37.6464990909192,46.5977259595543,34.2530536427409,63.7894617988763,78.956713951882
"Alabama","AL","721","Accommodation",17213,496.109903,28821.8150816244,1704.68,1046.19109556,0.613717,0.30663,1.2728,2.0396,0.7584,1.2273,0.3896,0.6167,16.4530171142265,1.9457,2.7363,10.0974963042917,19.6466985592604,27.6297791374334,16.4530171142265,32.0126353991504,45.0203907296578
"Alabama","AL","722","Food Services & Drinking Places",166132,3677.591963,22136.5658813474,10265.21,5502.29627294,0.536014,0.363234,1.3643,2.2576,0.7154,1.2617,0.4539,0.7184,30.1932123897123,2.0973,2.6719,16.1839845458593,33.9426707880306,43.2419883080814,30.1932123897123,63.3242243449437,80.6732441840724
"Alaska","AK","711AS","Arts, Entertainment, Recreation",1155,41.878649,36258.5705627706,176.55,120.69823095,0.683649,0.312885,1.2172,1.7646,0.7991,1.1318,0.3705,0.5239,9.56932003815753,1.7702,2.513,6.54205607476636,11.5807476635514,16.4401869158878,9.56932003815753,16.9396103315465,24.0477012558899
"Alaska","AK","713","Amusement, Gambling, Recreation",3972,113.799944,28650.5397784491,403.44,238.09737792,0.590168,0.363814,1.3271,1.9722,0.7452,1.1373,0.4367,0.6174,16.6822500722145,2.0015,2.5832,9.84533016061868,19.7054283164783,25.4324568709102,16.6822500722145,33.3895235195373,43.0935883865445
"Alaska","AK","721","Accommodation",8640,354.85249,41070.8900462963,1001.11,614.39822587,0.613717,0.30663,1.2637,1.828,0.7498,1.0928,0.382,0.5401,14.0625406067304,1.9315,2.5119,8.63042023354077,16.669656681084,21.6787525846311,14.0625406067304,27.1617971818998,35.3236957500461
"Alaska","AK","722","Food Services & Drinking Places",21950,645.189672,29393.6069248292,1832.97,982.49758158,0.536014,0.363234,1.3693,2.0334,0.7125,1.1161,0.4494,0.6355,22.3410219134598,2.1526,2.6449,11.9751005199212,25.7776013791824,31.6729433651396,22.3410219134598,48.0912837709135,59.0897688589097
"Arizona","AZ","711AS","Arts, Entertainment, Recreation",15288,1607.51987,105149.128074307,3307.25,2260.99815525,0.683649,0.312885,1.2852,2.156,0.844,1.3792,0.3922,0.6439,6.76161542392307,2.0377,3.9032,4.62257162294958,9.41941419608436,18.0428215586968,6.76161542392307,13.778143749328,26.3919373226565
"Arizona","AZ","713","Amusement, Gambling, Recreation",33078,949.099052,28692.758086946,2529.93,1493.08372824,0.590168,0.363814,1.3289,2.3114,0.7535,1.3573,0.4425,0.7265,22.1541494119632,1.9415,2.6857,13.0746700501595,25.3844719023847,35.1146413537133,22.1541494119632,43.0122810833265,59.4993990757095
"Arizona","AZ","721","Accommodation",44485,1824.381578,41011.1628189277,5293.45,3248.68025365,0.613717,0.30663,1.2928,2.176,0.7708,1.3136,0.3978,0.6531,13.6932528062802,2.0129,3.0536,8.40378203251188,16.9159728532432,25.6617888144783,13.6932528062802,27.5631485737615,41.8137167692573
"Arizona","AZ","722","Food Services & Drinking Places",261181,7332.664678,28075.031024462,18929.9,10146.6914186,0.536014,0.363234,1.3887,2.4159,0.73,1.3614,0.4627,0.7597,25.7405088245048,2.1411,2.8784,13.7972730970581,29.5413414281111,39.714070882572,25.7405088245048,55.1130034441471,74.0914806004545
"Arkansas","AR","711AS","Arts, Entertainment, Recreation",3512,145.715103,41490.6329726651,476.85,325.99802565,0.683649,0.312885,1.2507,1.886,0.8204,1.2071,0.383,0.5649,10.7730713797959,1.8526,2.8006,7.36499947572612,13.6443980287302,20.6264175317186,10.7730713797959,19.95819203821,30.1710637062565
"Arkansas","AR","713","Amusement, Gambling, Recreation",10016,270.202869,26977.1235023962,559.67,330.29932456,0.590168,0.363814,1.3279,2.0593,0.7487,1.194,0.441,0.6505,30.3240099365706,1.8923,2.3416,17.896260296246,33.8650933585863,41.9058831096896,30.3240099365706,57.3821240029726,71.0067016674737
"Arkansas","AR","721","Accommodation",11571,284.64382,24599.7597441881,1246.33,764.89390861,0.613717,0.30663,1.3075,1.9782,0.7773,1.1855,0.4044,0.5965,15.1275881135298,2.0017,2.7957,9.28405799427118,18.5838988871326,25.9554409345839,15.1275881135298,30.2808931268526,42.2921980889953
"Arkansas","AR","722","Food Services & Drinking Places",102439,2162.958545,21114.6003475239,6106.74,3273.29813436,0.536014,0.363234,1.408,2.1881,0.738,1.2128,0.4703,0.6937,31.2953467100023,2.1077,2.6189,16.7747439714152,35.3561278685518,43.9313769867392,31.2953467100023,65.9612022606719,81.9593834988251
"California","CA","711AS","Arts, Entertainment, Recreation",111702,15861.362434,141997.121215377,46315.73,31663.70249877,0.683649,0.312885,1.3153,2.0712,0.8609,1.3146,0.4012,0.6193,3.52776179615568,2.2492,4.5575,2.41175082418004,5.42450995374574,10.9915543812005,3.52776179615568,7.93464183191336,16.0777743859795
"California","CA","713","Amusement, Gambling, Recreation",220647,7573.149337,34322.4668225718,23533.56,13888.75403808,0.590168,0.363814,1.3897,2.2489,0.7798,1.2954,0.456,0.704,15.8867382484442,1.986,2.661,9.37584453860784,18.6204272536752,24.9491223172355,15.8867382484442,31.5510621614103,42.2746104791101
"California","CA","721","Accommodation",212362,10179.142603,47932.9757819196,33205.66,20378.87803822,0.613717,0.30663,1.3526,2.1389,0.8005,1.2724,0.4173,0.6442,10.4206914434505,2.035,2.9404,6.3953554906001,13.0145484233712,18.8049032845605,10.4206914434505,21.2061070874217,30.6410011203218
"California","CA","722","Food Services & Drinking Places",1461552,45731.419062,31289.62846481,139583.77,74818.85489278,0.536014,0.363234,1.4658,2.3789,0.7656,1.3135,0.4846,0.7481,19.5345411540245,2.1682,2.8104,10.4707875421333,22.7027615488534,29.4271013084114,19.5345411540245,42.354792130156,54.8998744592705
"Colorado","CO","711AS","Arts, Entertainment, Recreation",14094,1499.348716,106382.05732936,3912.83,2675.00231667,0.683649,0.312885,1.2906,2.0345,0.8467,1.3035,0.3947,0.6065,5.26878048372872,2.0888,3.895,3.60199650892065,7.52385030783346,14.0297764022459,5.26878048372872,11.0054286744125,20.5218999841234
"Colorado","CO","713","Amusement, Gambling, Recreation",47846,1570.64168,32827.0216946035,5581.91,3294.26466088,0.590168,0.363814,1.3443,2.1857,0.7587,1.2754,0.4465,0.6861,14.5240303756344,2.0342,2.8928,8.57161795872739,17.4363852516433,24.7959764310066,14.5240303756344,29.5447825901154,42.0151150706351
"Colorado","CO","721","Accommodation",46241,2015.128995,43578.8368547393,6516.16,3999.07816672,0.613717,0.30663,1.3179,2.0892,0.7836,1.2572,0.4093,0.6289,11.5629147699122,2.0272,2.9777,7.09635736384619,14.385735647989,21.1308233223248,11.5629147699122,23.440340821566,34.4308913103675
"Colorado","CO","722","Food Services & Drinking Places",243672,7463.623301,30629.7945640041,18836.25,10096.4937075,0.536014,0.363234,1.4201,2.3151,0.7441,1.2937,0.475,0.7298,24.1343190080921,2.1257,2.7308,12.9363328688035,27.4987627792156,35.3265377981286,24.1343190080921,51.3023219155015,65.905998347298
"Connecticut","CT","711AS","Arts, Entertainment, Recreation",6814,366.366974,53766.799823892,1935.5,1323.2026395,0.683649,0.312885,1.27,1.9,0.8341,1.2199,0.3886,0.5801,5.14962697064662,2.022,3.4031,3.52053732885559,7.11852647894601,11.9807405838285,5.14962697064662,10.4125457346475,17.5246955438075
"Connecticut","CT","713","Amusement, Gambling, Recreation",21004,703.8373,33509.6791087412,2107.17,1243.58430456,0.590168,0.363814,1.3197,2.0344,0.7488,1.1866,0.4408,0.6581,16.8898883034967,1.938,2.4914,9.96787160029803,19.3177351613776,24.8339553049825,16.8898883034967,32.7326035321766,42.0794677193316
"Connecticut","CT","721","Accommodation",9529,362.460438,38037.6154895582,2499.35,1533.89358395,0.613717,0.30663,1.3098,1.9693,0.7809,1.1849,0.4068,0.6073,6.21229536371189,2.2388,3.574,3.81259127373117,8.53562934362934,13.6262012123152,6.21229536371189,13.9080868602782,22.2027436299063
"Connecticut","CT","722","Food Services & Drinking Places",115911,3397.696015,29312.9730137778,10877.32,5830.39580248,0.536014,0.363234,1.3996,2.1616,0.7372,1.2039,0.47,0.7016,19.8804684839229,2.1281,2.6799,10.6562094339414,22.6774792963708,28.5575756620197,19.8804684839229,42.3076249806363,53.277667490065
"Delaware","DE","711AS","Arts, Entertainment, Recreation",1614,72.1543,44705.2664188352,147.3,100.7014977,0.683649,0.312885,1.2116,1.7454,0.7975,1.1272,0.3719,0.5305,16.0275669862257,1.6804,2.1869,10.9572301425662,18.4125295315682,23.962366598778,16.0275669862257,26.9327235636536,35.0506862421769
"Delaware","DE","713","Amusement, Gambling, Recreation",7599,205.68562,27067.4588761679,547.47,323.09927496,0.590168,0.363814,1.2927,1.9155,0.7332,1.1178,0.4338,0.6188,23.5190871317825,1.9024,2.3688,13.8802126143898,26.4057164776152,32.8794476409666,23.5190871317825,44.7427113595031,55.7120135977664
"Delaware","DE","721","Accommodation",4075,134.914689,33107.8991411043,649.32,398.49872244,0.613717,0.30663,1.2793,1.8529,0.7645,1.1187,0.3995,0.5699,10.2258797093473,2.0783,3.0283,6.27579621758147,13.0429872789996,19.004993685702,10.2258797093473,21.2524457999364,30.9670315238163
"Delaware","DE","722","Food Services & Drinking Places",39219,990.57148,25257.4384864479,2545.08,1364.19851112,0.536014,0.363234,1.3566,2.0164,0.7141,1.1216,0.4596,0.6556,28.7487485731101,2.0734,2.5186,15.409731717667,31.9505377434108,38.8109503041162,28.7487485731101,59.6076552914864,72.4065981562351
"Florida","FL","711AS","Arts, Entertainment, Recreation",52337,4999.176711,95518.9772245257,11423.12,7809.40456488,0.683649,0.312885,1.2907,2.3458,0.8473,1.5026,0.3948,0.6977,6.70179135492185,2.0469,4.2926,4.58167295800097,9.37822637773218,19.6672893395149,6.70179135492185,13.7178967243895,28.7681095701375
"Florida","FL","713","Amusement, Gambling, Recreation",203141,7917.699809,38976.3750744557,17812.54,10512.39110672,0.590168,0.363814,1.3326,2.522,0.756,1.4948,0.4451,0.7866,19.3239575980143,1.974,2.9911,11.4043814077049,22.5122488988095,34.1116452285862,19.3239575980143,38.1454922984802,57.7998895714206
"Florida","FL","721","Accommodation",183113,7960.754107,43474.543626067,29342.83,18008.19359911,0.613717,0.30663,1.3125,2.4036,0.7829,1.4605,0.4083,0.7215,10.1683158275825,2.1361,3.8411,6.24046828475645,13.3302643030682,23.970262728578,10.1683158275825,21.720539439299,39.0575179253271
"Florida","FL","722","Food Services & Drinking Places",854967,25081.335266,29336.0273156742,60812.37,32596.28169318,0.536014,0.363234,1.4028,2.6646,0.7398,1.5235,0.4722,0.8345,26.2289732322102,2.1267,3.0019,14.0590968580899,29.8994812880998,42.2040028583,26.2289732322102,55.7811573729413,78.7367547457716
"Georgia","GA","711AS","Arts, Entertainment, Recreation",16706,1538.528249,92094.352268646,3090.04,2112.50275596,0.683649,0.312885,1.2426,1.8915,0.8156,1.2125,0.3797,0.5698,7.90815536352196,1.8803,3.0696,5.40640250611643,10.1656586322507,16.595493132775,7.90815536352196,14.8697045300303,24.274873703867
"Georgia","GA","713","Amusement, Gambling, Recreation",44092,1268.217332,28762.9804046085,2869.49,1693.48117432,0.590168,0.363814,1.3271,2.0835,0.7524,1.215,0.4427,0.6642,26.0363095076653,1.8877,2.3755,15.3657967095198,29.0060144485605,36.5014500834643,26.0363095076653,49.1487414576198,61.8492532354589
"Georgia","GA","721","Accommodation",45716,1669.679847,36522.8770452358,6279.24,3853.67633508,0.613717,0.30663,1.3114,2.0073,0.782,1.2077,0.4072,0.611,11.8629578680097,2.0402,2.9874,7.2804989138813,14.8536738841006,21.749762455329,11.8629578680097,24.2028066423134,35.4394003348921
"Georgia","GA","722","Food Services & Drinking Places",399092,9776.314429,24496.3928843475,25653.98,13750.89243572,0.536014,0.363234,1.4016,2.2059,0.7385,1.2304,0.4706,0.7062,29.0229890071206,2.0828,2.5952,15.5567284296628,32.4015539733016,40.3728216206608,29.0229890071206,60.4490815040309,75.3204610712795
"Hawaii","HI","711AS","Arts, Entertainment, Recreation",4393,178.07813,40536.7926246301,879.11,601.00267239,0.683649,0.312885,1.2786,2.0068,0.8405,1.2957,0.3908,0.5969,7.30945169100565,1.9323,3.066,4.99709933910432,9.65589505295128,15.3211065736938,7.30945169100565,14.1240535025302,22.4107788846233
"Hawaii","HI","713","Amusement, Gambling, Recreation",8499,316.397531,37227.618661019,1043.08,615.59243744,0.590168,0.363814,1.3247,2.1473,0.7509,1.2651,0.4415,0.6743,13.806212492382,2.0471,2.8325,8.14798481420409,16.6797397131572,23.0791669862331,13.806212492382,28.2626975931551,39.106096884672
"Hawaii","HI","721","Accommodation",38734,2441.043945,63020.7039035473,9951.92,6107.66248664,0.613717,0.30663,1.2886,2.0295,0.7696,1.2328,0.3976,0.6074,6.34186975536506,2.2811,3.7622,3.89211328065338,8.87829960449843,14.6429085844742,6.34186975536506,14.4664390989632,23.8593823936344
"Hawaii","HI","722","Food Services & Drinking Places",65520,2111.908591,32233.0371031746,6839.56,3666.09991384,0.536014,0.363234,1.3822,2.2449,0.7281,1.2674,0.4629,0.7071,17.8718533427454,2.2044,2.905,9.57956359765833,21.117189994678,27.8286322511974,17.8718533427454,39.3967135087479,51.9177339606754
"Idaho","ID","711AS","Arts, Entertainment, Recreation",2385,73.244204,30710.3580712788,272.36,186.19864164,0.683649,0.312885,1.2352,1.8785,0.8111,1.2054,0.3777,0.553,12.8089011766864,1.8045,2.6129,8.75679248054046,15.8016320311353,22.8806230724042,12.8089011766864,23.1136621733306,33.4683778845638
"Idaho","ID","713","Amusement, Gambling, Recreation",13035,353.360589,27108.5990794016,833.14,491.69256752,0.590168,0.363814,1.3185,2.0654,0.7446,1.2023,0.4385,0.642,26.5104678432419,1.9334,2.4586,15.6456297861104,30.2492606284658,38.466345392131,26.5104678432419,51.2553385281239,65.1786362393945
"Idaho","ID","721","Accommodation",11102,341.098833,30724.0887227527,1078.99,662.19450583,0.613717,0.30663,1.2802,1.9511,0.7622,1.1734,0.3938,0.5767,16.7654667960204,1.9674,2.6848,10.2892519856532,20.2430743565742,27.6245837310818,16.7654667960204,32.9843793744905,45.0119252539556
"Idaho","ID","722","Food Services & Drinking Places",66076,1428.470806,21618.6029117985,3761.65,2016.2970631,0.536014,0.363234,1.3815,2.1648,0.7228,1.2029,0.4598,0.6733,32.7709647597314,2.1024,2.5931,17.5656959047227,36.9301190700889,45.5496060505363,32.7709647597314,68.8976763108593,84.9783887184595
"Illinois","IL","711AS","Arts, Entertainment, Recreation",25556,2285.303358,89423.3588198466,8346.83,5706.30198267,0.683649,0.312885,1.2971,2.0111,0.8503,1.2795,0.3962,0.6091,4.47855722981598,2.1407,4.0757,3.06176117160647,6.55431214005796,12.4788200071165,4.47855722981598,9.58724746186707,18.253255701561
"Illinois","IL","713","Amusement, Gambling, Recreation",66025,1973.547278,29890.9091707686,8584.75,5066.444738,0.590168,0.363814,1.3462,2.1513,0.761,1.2449,0.4468,0.6868,13.031820816043,2.0344,2.9029,7.69096362736247,15.6464964035062,22.3260983138705,13.031820816043,26.5119362681579,37.8300726468913
"Illinois","IL","721","Accommodation",45508,2108.898306,46341.265403885,9737.65,5976.16134505,0.613717,0.30663,1.3256,2.0657,0.7885,1.2334,0.4107,0.6314,7.61492158134149,2.1867,3.5008,4.67340682813615,10.2193387110853,16.360662623939,7.61492158134149,16.6515490219194,26.6583174719603
"Illinois","IL","722","Food Services & Drinking Places",456482,12522.005019,27431.5417015348,37019.91,19843.19003874,0.536014,0.363234,1.4208,2.2769,0.7471,1.2616,0.4751,0.7303,23.0044664748363,2.1101,2.6861,12.3307160930429,26.0190440279298,33.1215364975225,23.0044664748363,48.5417247085521,61.7922973980578
"Indiana","IN","711AS","Arts, Entertainment, Recreation",11516,920.122575,79899.4941820076,2826.16,1932.10145784,0.683649,0.312885,1.2779,1.8142,0.8389,1.1643,0.3901,0.5393,5.96034952164177,2.0808,3.4261,4.07478699012087,8.47881676904351,13.9606277068531,5.96034952164177,12.4022952846322,20.4207534960969
"Indiana","IN","713","Amusement, Gambling, Recreation",29003,757.162047,26106.3354480571,3818.36,2253.47388448,0.590168,0.363814,1.3136,1.9145,0.7427,1.1072,0.437,0.6041,12.8703510609765,2.0967,2.9052,7.59566934495438,15.9258399155658,22.0669385809615,12.8703510609765,26.9852650695494,37.3909439023489
"Indiana","IN","721","Accommodation",24312,799.906969,32901.7344932544,2532.1,1553.9928157,0.613717,0.30663,1.2743,1.8121,0.7593,1.0855,0.3911,0.5407,15.644859972566,1.9388,2.5112,9.60151652778326,18.6154202440662,24.1113283045693,15.644859972566,30.3322545148109,39.2873723631076
"Indiana","IN","722","Food Services & Drinking Places",248417,5347.694518,21527.0875906238,15071.61,8078.59396254,0.536014,0.363234,1.366,1.9922,0.7164,1.0962,0.4553,0.6295,30.7500291699145,2.0704,2.4586,16.4824461354825,34.125256478903,40.5237420686974,30.7500291699145,63.6648603933909,75.6020217171517
"Iowa","IA","711AS","Arts, Entertainment, Recreation",4779,146.090385,30569.2372881356,699.48,478.19880252,0.683649,0.312885,1.2571,1.7838,0.8248,1.1469,0.3847,0.5361,9.99375150003669,1.8504,2.6136,6.83221821924858,12.6423365928976,17.8566855378281,9.99375150003669,18.4924377756679,26.1196689204959
"Iowa","IA","713","Amusement, Gambling, Recreation",15906,325.806739,20483.2603420093,1335.88,788.39362784,0.590168,0.363814,1.3274,1.9311,0.7491,1.1183,0.4409,0.6145,20.1752011156894,1.9605,2.4624,11.9067580920442,23.3431992394526,29.3192011258496,20.1752011156894,39.5534817873091,49.6794152272736
"Iowa","IA","721","Accommodation",17814,551.682401,30969.035646121,2289.31,1404.98846527,0.613717,0.30663,1.2927,1.8376,0.7693,1.1026,0.398,0.5547,12.6791076513049,2.046,2.7393,7.7813839104359,15.9207114807518,21.3155449458571,12.6791076513049,25.9414542545698,34.7318795892195
"Iowa","IA","722","Food Services & Drinking Places",102765,2042.17207,19872.2529071182,5872.23,3147.59749122,0.536014,0.363234,1.3935,2.0287,0.73,1.1185,0.4639,0.6466,32.6487107346653,2.0782,2.4375,17.5001660357309,36.3688450554559,42.656654712094,32.6487107346653,67.8505506487815,79.5812324157467
"Kansas","KS","711AS","Arts, Entertainment, Recreation",3144,110.601781,35178.683524173,282.31,193.00094919,0.683649,0.312885,1.2129,1.8371,0.796,1.1736,0.3711,0.5574,16.2900753244736,1.6703,2.2347,11.136693705501,18.6016194962984,24.8871694236832,16.2900753244736,27.2093128144682,36.4034313276011
"Kansas","KS","713","Amusement, Gambling, Recreation",14251,337.557821,23686.6059223914,1213.71,716.29280328,0.590168,0.363814,1.3189,2.0586,0.7465,1.194,0.4398,0.6607,19.895495158883,1.9499,2.5843,11.7416845869277,22.8951107760503,30.3440354779972,19.895495158883,38.794226010306,51.4159281391014
"Kansas","KS","721","Accommodation",9698,260.836864,26895.94390596,1480.8,908.7921336,0.613717,0.30663,1.3029,1.9826,0.7764,1.1877,0.4041,0.6071,10.6713071575381,2.0868,3.132,6.54916261480281,13.6667925445705,20.5119773095624,10.6713071575381,22.2688837763505,33.4225340174093
"Kansas","KS","722","Food Services & Drinking Places",105675,2233.441987,21135.0081570854,6232.86,3340.90022004,0.536014,0.363234,1.3942,2.1819,0.7341,1.2106,0.4683,0.7036,31.6306962315489,2.0646,2.5325,16.9544960098574,35.0042524619517,42.937261144964,31.6306962315489,65.3047354396558,80.1047382063975
"Kentucky","KY","711AS","Arts, Entertainment, Recreation",9503,484.214077,50953.8121645796,1016.6,694.9975734,0.683649,0.312885,1.258,1.8851,0.8256,1.205,0.3843,0.5622,13.6734290358891,1.7818,2.4715,9.34782608695652,16.6559565217391,23.103152173913,13.6734290358891,24.3633158561471,33.7938798621998
"Kentucky","KY","713","Amusement, Gambling, Recreation",16315,363.762437,22296.195954643,881.43,520.19178024,0.590168,0.363814,1.3151,2.0285,0.7432,1.1748,0.4372,0.6395,31.3634329102101,1.8645,2.2607,18.5096944737529,34.5113253463122,41.8448662968131,31.3634329102101,58.4771206610868,70.903312780112
"Kentucky","KY","721","Accommodation",15093,440.086573,29158.3232624395,1942.9,1192.3907593,0.613717,0.30663,1.2807,1.9228,0.7627,1.1511,0.3934,0.5755,12.6577633064352,2.0262,2.8758,7.76828452313552,15.7400981007772,22.3400326316331,12.6577633064352,25.6471600114991,36.4011957166465
"Kentucky","KY","722","Food Services & Drinking Places",163079,3658.207392,22432.1181267974,10570.61,5665.99494854,0.536014,0.363234,1.3734,2.1203,0.7199,1.1718,0.4577,0.6695,28.7820588407022,2.0956,2.5933,15.4275864874402,32.3300502430796,40.0083600378786,28.7820588407022,60.3156825065756,74.6405131915931
"Louisiana","LA","711AS","Arts, Entertainment, Recreation",7443,804.516549,108090.35993551,2241.65,1532.50178085,0.683649,0.312885,1.2758,1.9107,0.8383,1.2262,0.3888,0.5674,4.85676433985724,2.1318,3.976,3.32032208417906,7.07826261905293,13.201600606696,4.85676433985724,10.3536502197077,19.3104950152724
"Louisiana","LA","713","Amusement, Gambling, Recreation",19387,513.735771,26498.9823593129,1711.87,1010.29089416,0.590168,0.363814,1.3158,2.0299,0.7451,1.1814,0.4373,0.6381,19.189522653393,1.9444,2.5525,11.3250422053076,22.0204120640002,28.9071702290478,19.189522653393,37.3121078472574,48.9812565727857
"Louisiana","LA","721","Accommodation",26777,959.676284,35839.574410875,4025.45,2470.48709765,0.613717,0.30663,1.2689,1.9013,0.7563,1.1427,0.3872,0.5651,10.8387532262245,2.0374,2.9542,6.65192711373884,13.5526363015315,19.6511230794073,10.8387532262245,22.0828758231098,32.0198447809125
"Louisiana","LA","722","Food Services & Drinking Places",167886,3722.243309,22171.2549527656,10857.55,5819.7988057,0.536014,0.363234,1.3621,2.1009,0.7146,1.1659,0.4524,0.6601,28.8473889914493,2.0687,2.5295,15.4626043628627,31.9874896454541,39.1126577358612,28.8473889914493,59.6765936066112,72.969470453871
"Maine","ME","711AS","Arts, Entertainment, Recreation",2528,111.382207,44059.4173259494,505.08,345.29743692,0.683649,0.312885,1.2761,2.0792,0.8384,1.3345,0.3915,0.6204,7.32122434081577,1.9998,3.5565,5.00514769937436,10.0092943692088,17.8008077928249,7.32122434081577,14.6409844367634,26.0379343681113
"Maine","ME","713","Amusement, Gambling, Recreation",7333,242.445496,33062.2522841947,647.44,382.09836992,0.590168,0.363814,1.3114,2.2137,0.7434,1.3007,0.4398,0.697,19.1913930476472,1.977,2.7498,11.3261460521438,22.3917907450884,31.1446364141851,19.1913930476472,37.9413840551984,52.7724926024202
"Maine","ME","721","Accommodation",12531,472.174317,37680.4977256404,1696.7,1041.2936339,0.613717,0.30663,1.2969,2.1258,0.7734,1.2853,0.404,0.6403,12.0340695381639,2.072,3.1607,7.38551305475334,15.3027830494489,23.3433911121589,12.0340695381639,24.9345920830756,38.0360835892747
"Maine","ME","722","Food Services & Drinking Places",46210,1360.390399,29439.3074875568,3825.83,2050.69844162,0.536014,0.363234,1.3865,2.3463,0.7292,1.3219,0.4678,0.7414,22.5337860809487,2.1919,2.9627,12.0784248123937,26.4746993462856,35.7847491916787,22.5337860809487,49.3918057108315,66.7608480220268
"Maryland","MD","711AS","Arts, Entertainment, Recreation",10630,828.037272,77896.2626528692,2593.73,1773.20092077,0.683649,0.312885,1.2648,1.9385,0.8321,1.2507,0.3883,0.5918,5.99480852704723,2,3.353,4.09834485470731,8.19668970941463,13.7417502978336,5.99480852704723,11.9896170540945,20.1005929911894
"Maryland","MD","713","Amusement, Gambling, Recreation",31914,886.326922,27772.3545152598,3709.92,2189.47606656,0.590168,0.363814,1.3022,2.0629,0.74,1.2128,0.4384,0.6683,14.5760899090995,2.0068,2.7347,8.60234182947341,17.2631795833872,23.5248242010609,14.5760899090995,29.2512972295808,39.8612330744143
"Maryland","MD","721","Accommodation",25847,1192.750725,46146.5827755639,6056.17,3716.77448389,0.613717,0.30663,1.2845,1.98,0.7676,1.1997,0.4008,0.611,6.95414804208093,2.2288,3.5702,4.26787887394178,9.51224843424144,15.2371811557469,6.95414804208093,15.49940515619,24.8276993398373
"Maryland","MD","722","Food Services & Drinking Places",195566,5332.489884,27266.9578761134,16672.5,8936.693415,0.536014,0.363234,1.3689,2.173,0.721,1.2207,0.4635,0.7065,21.8834854143869,2.1294,2.6937,11.7298545509072,24.9775522807018,31.5967092037787,21.8834854143869,46.5986938413955,58.947544660734
"Massachusetts","MA","711AS","Arts, Entertainment, Recreation",19567,1853.430557,94722.2648847549,6189.29,4231.30191921,0.683649,0.312885,1.2853,1.8616,0.845,1.1973,0.3945,0.5688,4.62434502987516,2.0977,3.5959,3.16142885532912,6.6317293098239,11.368182020878,4.62434502987516,9.70048856916913,16.6286822929281
"Massachusetts","MA","713","Amusement, Gambling, Recreation",42532,1484.380921,34900.3320088404,4968.19,2932.06675592,0.590168,0.363814,1.3148,1.9604,0.747,1.1417,0.4419,0.6372,14.5058088851919,1.9948,2.6145,8.56086421815591,17.0772119423774,22.3823794983686,14.5058088851919,28.9361875641807,37.9254373303341
"Massachusetts","MA","721","Accommodation",35819,1872.474068,52276.0006700355,8016.68,4919.97279956,0.613717,0.30663,1.3007,1.8949,0.7766,1.1399,0.4068,0.5865,7.28032480244674,2.1734,3.2663,4.46805909678321,9.71087964094862,14.594021427823,7.28032480244674,15.8230579256377,23.7797249022318
"Massachusetts","MA","722","Food Services & Drinking Places",262547,8501.208506,32379.7586946337,24538.34,13152.89377676,0.536014,0.363234,1.3857,2.071,0.7303,1.1493,0.4692,0.6765,19.9611586967955,2.1435,2.6699,10.6994605177041,22.9342936196988,28.5664896362183,19.9611586967955,42.7867436665811,53.2942976045743
"Michigan","MI","711AS","Arts, Entertainment, Recreation",14492,1259.968521,86942.3489511455,3438.46,2350.69974054,0.683649,0.312885,1.2924,2.0439,0.8471,1.3021,0.395,0.6072,6.16497281642228,2.0773,3.7957,4.21467750097427,8.75514957277386,15.997651390448,6.16497281642228,12.806498031554,23.400387319294
"Michigan","MI","713","Amusement, Gambling, Recreation",39699,1009.517271,25429.2871608857,3145.85,1856.5800028,0.590168,0.363814,1.3412,2.1879,0.7573,1.2699,0.445,0.6841,21.3828652361482,1.9506,2.5972,12.6194828106871,24.6155631705262,32.7753207559165,21.3828652361482,41.7094169296306,55.535577591324
"Michigan","MI","721","Accommodation",39860,1384.644412,34737.6922227797,7331.67,4499.57051739,0.613717,0.30663,1.3168,2.0927,0.7835,1.2533,0.4078,0.6269,8.85862324991875,2.209,3.5844,5.43668768507039,12.0096430963205,19.4872633383663,8.85862324991875,19.5686987590705,31.7528491770088
"Michigan","MI","722","Food Services & Drinking Places",326894,7679.575132,23492.5545650884,20141.25,10795.9919775,0.536014,0.363234,1.4165,2.3174,0.7439,1.2893,0.4735,0.7279,30.2791999735904,2.0915,2.6265,16.2300750946441,33.9452020604481,42.6282922360827,30.2791999735904,63.3289467447643,79.5283187306351
"Minnesota","MN","711AS","Arts, Entertainment, Recreation",15325,1390.33549,90723.3598694943,2927.38,2001.30040962,0.683649,0.312885,1.2919,1.9769,0.847,1.2604,0.395,0.5968,7.65752104298517,1.9581,3.1592,5.23505660351577,10.2507643353442,16.538590821827,7.65752104298517,14.9941919542693,24.1916404789988
"Minnesota","MN","713","Amusement, Gambling, Recreation",31642,759.998581,24018.6644649516,2532.81,1494.78341208,0.590168,0.363814,1.3467,2.1206,0.7592,1.2263,0.4463,0.6743,21.168284143567,1.9348,2.5034,12.4928439164406,24.1711544095293,31.2745854604175,21.168284143567,40.9563961609734,52.9926825250056
"Minnesota","MN","721","Accommodation",26188,838.07525,32002.2624866351,3529.62,2166.18779754,0.613717,0.30663,1.3231,2.0337,0.7859,1.2148,0.4098,0.6192,12.0894411969913,2.0294,2.9087,7.41949558309393,15.0571243363308,21.5810868025453,12.0894411969913,24.5343119651742,35.1645576096887
"Minnesota","MN","722","Food Services & Drinking Places",194163,4858.941533,25025.064162585,13383.04,7173.49680256,0.536014,0.363234,1.4217,2.2448,0.7451,1.242,0.4747,0.7172,27.0667159049558,2.104,2.6248,14.508138659079,30.5251237387021,38.0809623523504,27.0667159049558,56.9483702640269,71.0447159073279
"Mississippi","MS","711AS","Arts, Entertainment, Recreation",1149,40.890505,35587.906875544,196.15,134.09775135,0.683649,0.312885,1.2095,1.8645,0.7947,1.1994,0.3703,0.5563,8.56837634063728,1.8804,3.1377,5.85776191690033,11.0149355085394,18.3798995666582,8.56837634063728,16.1119748709343,26.8849944440176
"Mississippi","MS","713","Amusement, Gambling, Recreation",8475,174.648357,20607.4757522124,688.61,406.39558648,0.590168,0.363814,1.3052,2.0756,0.7391,1.2151,0.4355,0.6543,20.8540650586447,1.9769,2.6808,12.3074018675302,24.3305027519205,32.9936829264751,20.8540650586447,41.2264012144348,55.9055776092148
"Mississippi","MS","721","Accommodation",24661,770.009015,31223.7547139208,2931.46,1799.08683682,0.613717,0.30663,1.2738,1.9656,0.7599,1.1873,0.3911,0.5875,13.7075095516734,2.0292,2.9539,8.41253163952433,17.0707092029228,24.8497772099909,13.7075095516734,27.8152783822556,40.490612464688
"Mississippi","MS","722","Food Services & Drinking Places",100297,1945.656784,19398.9529497393,5664.4,3036.1977016,0.536014,0.363234,1.3656,2.1717,0.717,1.215,0.4557,0.6846,33.0337513749997,2.0856,2.5975,17.7065532095191,36.928787373773,45.9927719617259,33.0337513749997,68.8951918676994,85.8051691965618
"Missouri","MO","711AS","Arts, Entertainment, Recreation",15260,1230.928126,80663.7041939712,3608.14,2466.70130286,0.683649,0.312885,1.29,2.029,0.8467,1.2967,0.3947,0.6161,6.18639961891896,2.0775,3.8712,4.22932591307433,8.78642458441191,16.3725664746933,6.18639961891896,12.8522452083041,23.9487902047591
"Missouri","MO","713","Amusement, Gambling, Recreation",30514,748.542699,24531.1233859868,2337.95,1379.7832756,0.590168,0.363814,1.3334,2.1651,0.7547,1.2612,0.4443,0.6934,22.1150673005012,1.9365,2.5907,13.0516050386022,25.2744331572531,33.8127931735067,22.1150673005012,42.8258278274206,57.2935048554085
"Missouri","MO","721","Accommodation",31649,1101.862742,34815.0886915858,4472.88,2745.08249496,0.613717,0.30663,1.317,2.0827,0.7842,1.2505,0.409,0.6384,11.5293438569179,2.0742,3.1852,7.0757543238361,14.6765296185008,22.5376926722827,11.5293438569179,23.9141650280192,36.723266053055
"Missouri","MO","722","Food Services & Drinking Places",231206,5477.812949,23692.3477288652,14082.09,7548.19738926,0.536014,0.363234,1.4112,2.297,0.742,1.2815,0.4732,0.7385,30.6306245155927,2.0848,2.6387,16.4184435691009,34.2291711528615,43.3233470457865,30.6306245155927,63.8587259901076,80.8250289092944
"Montana","MT","711AS","Arts, Entertainment, Recreation",1933,64.118855,33170.6440765649,255.1,174.3988599,0.683649,0.312885,1.2373,2.057,0.813,1.3166,0.3765,0.6072,11.0837880540525,1.8478,3.1006,7.57742061936495,14.0015578204626,23.494550372403,11.0837880540525,20.4806235662783,34.3663932403953
"Montana","MT","713","Amusement, Gambling, Recreation",10588,249.445521,23559.2671892709,828.57,488.99549976,0.590168,0.363814,1.313,2.2629,0.7441,1.3277,0.4363,0.7037,21.6525510054727,1.9781,2.839,12.7786427217978,25.2774331679882,36.2785666871839,21.6525510054727,42.8309111439255,61.4715923045369
"Montana","MT","721","Accommodation",15439,600.588467,38900.736252348,1284.46,788.29493782,0.613717,0.30663,1.2504,2.075,0.7462,1.2529,0.3787,0.6109,19.5853090756817,1.9013,2.6959,12.0198371300002,22.8533163352693,32.4042789187674,19.5853090756817,37.2375481455936,52.8000347371303
"Montana","MT","722","Food Services & Drinking Places",44580,1025.381054,23000.920906236,2412.06,1292.89792884,0.536014,0.363234,1.34,2.3042,0.703,1.2954,0.4428,0.7142,34.4806801879539,2.0751,2.6792,18.4821273102659,38.3522623815328,49.5173154896644,34.4806801879539,71.5508594580231,92.380638359566
"Nebraska","NE","711AS","Arts, Entertainment, Recreation",4581,152.402017,33268.2857454704,511.23,349.50187827,0.683649,0.312885,1.2717,1.7992,0.8343,1.1552,0.3895,0.543,13.1072256969705,1.7988,2.3965,8.96074174050819,16.1185822428261,21.4744175811279,13.1072256969705,23.5772775837105,31.4114663827898
"Nebraska","NE","713","Amusement, Gambling, Recreation",11479,240.146036,20920.4665911665,676.41,399.19553688,0.590168,0.363814,1.338,1.9394,0.7552,1.1211,0.444,0.619,28.7553315092564,1.8852,2.2451,16.9704764861548,31.9927422716991,38.1004167590662,28.7553315092564,54.2095509612502,64.5585947714316
"Nebraska","NE","721","Accommodation",7809,215.707097,27622.8834677936,884.77,542.99839009,0.613717,0.30663,1.3149,1.8659,0.7821,1.1173,0.4069,0.5672,14.3812581077923,1.9994,2.6333,8.82602258213999,17.6467495507307,23.2415652655492,14.3812581077923,28.75388746072,37.8701669752496
"Nebraska","NE","722","Food Services & Drinking Places",73022,1536.503952,21041.6580208704,4557.34,2442.79804276,0.536014,0.363234,1.4183,2.0585,0.7434,1.1329,0.4727,0.659,29.8927699800741,2.1026,2.5083,16.0229432080995,33.6898403893499,40.1903484488759,29.8927699800741,62.8525381601039,74.98003494102
"Nevada","NV","711AS","Arts, Entertainment, Recreation",11356,1309.413976,115305.915463191,4701.97,3214.49708853,0.683649,0.312885,1.2798,1.8913,0.842,1.2264,0.3914,0.5657,3.53274546134155,2.4111,4.674,2.41515790190069,5.82318721727276,11.2884480334838,3.53274546134155,8.51780258184062,16.5120522863104
"Nevada","NV","713","Amusement, Gambling, Recreation",28700,949.863768,33096.2985365854,4338.21,2560.27271928,0.590168,0.363814,1.3025,1.986,0.742,1.1717,0.4375,0.6323,11.2097433151852,2.1303,3.0537,6.61563179283621,14.093280408279,20.202154805784,11.2097433151852,23.880116184339,34.231193161581
"Nevada","NV","721","Accommodation",157646,7973.681574,50579.6631313195,27447.99,16845.29807883,0.613717,0.30663,1.2846,1.9092,0.7693,1.162,0.3998,0.5778,9.3584571351764,2.109,3.081,5.74344423762906,12.1129238971597,17.6955516961351,9.3584571351764,19.736986098087,28.8334064334785
"Nevada","NV","722","Food Services & Drinking Places",146398,4412.293631,30139.0294334622,12992.19,6963.99573066,0.536014,0.363234,1.3716,2.0966,0.7249,1.1807,0.464,0.6707,21.0221266155379,2.166,2.741,11.2681541757009,24.4068219445682,30.8860105955963,21.0221266155379,45.5339262492551,57.6216490531894
"New Hampshire","NH","711AS","Arts, Entertainment, Recreation",2233,97.289692,43569.0515002239,617.71,422.29682379,0.683649,0.312885,1.2643,2.009,0.832,1.2949,0.3883,0.6155,5.2877499289704,2.0791,3.9475,3.61496495119069,7.51587363002056,14.2700741448252,5.2877499289704,10.9937608773224,20.8733928446107
"New Hampshire","NH","713","Amusement, Gambling, Recreation",11599,332.369996,28655.0561255281,1880.12,1109.58666016,0.590168,0.363814,1.2846,2.117,0.7313,1.2487,0.4341,0.688,10.4534421838917,2.1175,3.3413,6.16928706678297,13.0634653639129,20.6134388762419,10.4534421838917,22.1351638243906,34.9280863690372
"New Hampshire","NH","721","Accommodation",8468,294.225989,34745.6293103448,1634.13,1002.89336121,0.613717,0.30663,1.2717,2.0357,0.7609,1.2358,0.3985,0.6315,8.44356970294756,2.1401,3.4775,5.18196226738387,11.0899174484282,18.0202737848274,8.44356970294756,18.0700835212781,29.3625136420001
"New Hampshire","NH","722","Food Services & Drinking Places",51246,1479.148745,28863.691702767,4371.34,2343.09943876,0.536014,0.363234,1.3463,2.2265,0.7101,1.2572,0.459,0.7274,21.8710308031656,2.1314,2.8123,11.723178704928,24.9867830916836,32.969095471869,21.8710308031656,46.6159150538672,61.5078999277426
"New Jersey","NJ","711AS","Arts, Entertainment, Recreation",14061,1791.112563,127381.591849797,4913.05,3358.80171945,0.683649,0.312885,1.2798,1.9733,0.8411,1.2716,0.3922,0.598,4.18631439854761,2.1441,4.1166,2.86196965225267,6.13634913139496,11.7815842704634,4.18631439854761,8.97587670192593,17.2333818530611
"New Jersey","NJ","713","Amusement, Gambling, Recreation",56409,1833.544606,32504.4692513606,5174.91,3054.06628488,0.590168,0.363814,1.3064,2.0815,0.7418,1.223,0.4383,0.6683,18.4701295709489,1.9181,2.4968,10.9004794286277,20.9082095920509,27.2163170373978,18.4701295709489,35.427555530037,46.1162195127451
"New Jersey","NJ","721","Accommodation",45408,1998.577259,44013.7697982734,7098.99,4356.77084583,0.613717,0.30663,1.2901,2.0028,0.7702,1.2127,0.4031,0.6146,10.4223980573735,2.0031,2.9102,6.39640286857708,12.8126345860467,18.614811628133,10.4223980573735,20.8771055487248,30.3312628265683
"New Jersey","NJ","722","Food Services & Drinking Places",279522,8193.751627,29313.4408991063,21429.28,11486.39408992,0.536014,0.363234,1.3725,2.1944,0.7231,1.2334,0.4648,0.7087,24.3350522202,2.0765,2.5895,13.0439286807583,27.0857179055946,33.7772533188236,24.3350522202,50.5317359352453,63.0156177242079
"New Mexico","NM","711AS","Arts, Entertainment, Recreation",2798,115.492084,41276.6561829878,542.53,370.90009197,0.683649,0.312885,1.2438,1.8146,0.8186,1.172,0.3804,0.5415,7.54381047774535,1.9737,3.1828,5.15731848930013,10.1789995023317,16.4147132877445,7.54381047774535,14.889218739926,24.0104399885679
"New Mexico","NM","713","Amusement, Gambling, Recreation",8061,224.781438,27885.0561965017,730.97,431.39510296,0.590168,0.363814,1.2867,1.9326,0.728,1.1279,0.4304,0.6127,18.6858866609514,1.9857,2.6256,11.0278123589203,21.8979270011081,28.9546241295812,18.6858866609514,37.1045651426511,49.0616640169939
"New Mexico","NM","721","Accommodation",14548,438.093628,30113.6670332692,1507.04,924.89606768,0.613717,0.30663,1.2259,1.7879,0.7313,1.0793,0.3745,0.5332,15.7293349040742,1.9168,2.5528,9.65336022932371,18.5035608875677,24.6430979934176,15.7293349040742,30.1499891441294,40.1538461431206
"New Mexico","NM","722","Food Services & Drinking Places",74414,1797.484743,24155.1958368049,5563.66,2982.19965124,0.536014,0.363234,1.3128,1.9704,0.6855,1.0927,0.4382,0.6239,24.952722387,2.1235,2.6607,13.3750085375454,28.4018306294777,35.5868852158471,24.952722387,52.9871059887945,66.391708455091
"New York","NY","711AS","Arts, Entertainment, Recreation",79241,9068.334159,114439.92578337,36455.99,24923.10110751,0.683649,0.312885,1.295,1.86,0.8507,1.1943,0.3968,0.5682,3.17941975431471,2.2609,4.2614,2.17360713561749,4.91430837291759,9.26260944772039,3.17941975431471,7.18835012253012,13.5487793410367
"New York","NY","713","Amusement, Gambling, Recreation",87697,3062.299554,34919.0913486208,9067.83,5351.54309544,0.590168,0.363814,1.3251,1.9564,0.7501,1.1341,0.4434,0.6349,16.3872360618241,1.9333,2.4357,9.67122233213459,18.6973741347158,23.5561962343802,16.3872360618241,31.6814434783245,39.9143908757849
"New York","NY","721","Accommodation",86273,5141.632131,59597.2335609055,28387.34,17421.79314278,0.613717,0.30663,1.3044,1.8842,0.777,1.1297,0.4073,0.5831,4.9520160923133,2.3549,3.8234,3.03913646012624,7.15686244995128,11.6198343416467,4.9520160923133,11.6615026957886,18.9335383273507
"New York","NY","722","Food Services & Drinking Places",655391,22342.833242,34090.8453762716,64621.03,34637.77677442,0.536014,0.363234,1.3941,2.0633,0.7314,1.1385,0.4701,0.673,18.9212778946022,2.1286,2.6364,10.1420698493973,21.5884098814271,26.7385529509511,18.9212778946022,40.2758321264503,49.8840570413293
"North Carolina","NC","711AS","Arts, Entertainment, Recreation",20553,1671.625742,81332.4449958644,4507.28,3081.39746472,0.683649,0.312885,1.2799,1.9557,0.8402,1.253,0.3926,0.5954,6.67002560861379,2.0459,3.5508,4.55995633730321,9.32921467048863,16.1914929624962,6.67002560861379,13.646205392663,23.6839269310658
"North Carolina","NC","713","Amusement, Gambling, Recreation",57334,1404.184933,24491.3128858967,3195.16,1885.68118688,0.590168,0.363814,1.3196,2.0781,0.7441,1.2073,0.4406,0.6681,30.404927619214,1.8671,2.2963,17.9440153231763,33.5032710099025,41.2048423866097,30.404927619214,56.7690403578345,69.8188352920012
"North Carolina","NC","721","Accommodation",45428,1440.328202,31705.736594171,5111.77,3137.18014909,0.613717,0.30663,1.2957,1.9908,0.7703,1.1948,0.4038,0.6123,14.4805200342662,1.9733,2.7675,8.88694131386976,17.5366012946592,24.5946100861345,14.4805200342662,28.5744101836175,40.0748391948317
"North Carolina","NC","722","Food Services & Drinking Places",407275,9643.484986,23678.067610337,27590.31,14788.79242434,0.536014,0.363234,1.3889,2.1932,0.7257,1.2169,0.4672,0.7084,27.5394358318053,2.1044,2.6576,14.7615231579493,31.0641493335885,39.230223944566,27.5394358318053,57.9539887644511,73.1888046666058
"North Dakota","ND","711AS","Arts, Entertainment, Recreation",1364,34.03683,24953.6876832845,105.9,72.3984291,0.683649,0.312885,1.2003,1.6402,0.7897,1.0576,0.3662,0.4973,18.8401877907597,1.6647,2.0345,12.8800755429651,21.4414617563739,26.2045136921624,18.8401877907597,31.3632606152776,38.3303620603006
"North Dakota","ND","713","Amusement, Gambling, Recreation",5148,102.775982,19964.2544677545,249.76,147.40035968,0.590168,0.363814,1.2842,1.7982,0.725,1.038,0.4279,0.5811,34.9252879109392,1.845,2.1151,20.6117873158232,38.0287475976938,43.5959913516976,34.9252879109392,64.4371561956829,73.8704764604276
"North Dakota","ND","721","Accommodation",5801,164.708032,28393.0411997931,972.59,596.89501703,0.613717,0.30663,1.2247,1.6735,0.7304,1.0038,0.3736,0.5074,9.71862695196271,2.0983,2.9134,5.9644865770777,12.5152821846821,17.3769351936582,9.71862695196271,20.3925949333034,28.3142477618482
"North Dakota","ND","722","Food Services & Drinking Places",27699,618.292556,22321.8367450088,1678.87,899.89782418,0.536014,0.363234,1.316,1.8422,0.6866,1.0071,0.438,0.5949,30.7801610979999,2.0692,2.4146,16.4985972707833,34.1388974727049,39.8375129700334,30.7801610979999,63.6903093439814,74.3217769872306
"Ohio","OH","711AS","Arts, Entertainment, Recreation",23892,2154.488521,90176.1477063452,4622.26,3160.00342674,0.683649,0.312885,1.2894,1.8883,0.8456,1.2069,0.3946,0.5679,7.56075129470605,1.9596,3.0457,5.16890006187449,10.1289765612493,15.7429189184511,7.56075129470605,14.816048237106,23.0277802182862
"Ohio","OH","713","Amusement, Gambling, Recreation",61539,1556.584519,25294.2771088253,7034.36,4151.45417248,0.590168,0.363814,1.3377,2.0123,0.755,1.162,0.4445,0.6396,14.823480506648,2.0313,2.7541,8.74834384364747,17.7705108496011,24.0938137797895,14.823480506648,30.1109359531542,40.8253476633594
"Ohio","OH","721","Accommodation",34295,1015.071376,29598.2322787578,4084.11,2506.48773687,0.613717,0.30663,1.3171,1.9373,0.7833,1.1574,0.4086,0.588,13.6824926352228,1.9887,2.6809,8.39717833261102,16.6994685500635,22.5119953918969,13.6824926352228,27.2103731036675,36.6813945057688
"Ohio","OH","722","Food Services & Drinking Places",445389,9808.633445,22022.6216745362,28651.85,15357.7927259,0.536014,0.363234,1.4135,2.1319,0.7417,1.1751,0.4733,0.6812,29.000847188729,2.0847,2.5179,15.5448601050194,32.4063698609339,39.1404032584283,29.000847188729,60.4580661343434,73.0212331365008
"Oklahoma","OK","711AS","Arts, Entertainment, Recreation",5114,385.402037,75362.1503715291,970.97,663.80266953,0.683649,0.312885,1.2642,1.9002,0.8296,1.2178,0.3864,0.5688,7.7040967666203,1.9729,3.2756,5.2668980504032,10.3910631636405,17.2522512539007,7.7040967666203,15.1994125108652,25.2355393687415
"Oklahoma","OK","713","Amusement, Gambling, Recreation",14437,336.784234,23327.854401884,1178.63,695.58970984,0.590168,0.363814,1.3182,2.0396,0.7456,1.1859,0.4382,0.6452,20.7550511397312,1.9613,2.5967,12.2489670210329,24.0238990183518,31.8068926635161,20.7550511397312,40.7068818003548,53.89464129454
"Oklahoma","OK","721","Accommodation",13144,342.457048,26054.2489348752,1314.12,806.49778404,0.613717,0.30663,1.2808,1.9274,0.7629,1.1574,0.3927,0.5782,16.2976269248473,1.9428,2.6402,10.0021307034365,19.4321395306365,26.4076254832131,16.2976269248473,31.6630295895934,43.0289946069819
"Oklahoma","OK","722","Food Services & Drinking Places",147955,3123.770285,21112.9754655132,9668.03,5182.19943242,0.536014,0.363234,1.3755,2.1292,0.7214,1.1813,0.4578,0.6741,28.5506186956814,2.1068,2.6382,15.303531329547,32.2414798050896,40.3737763536108,28.5506186956814,60.1504434680616,75.3222422429467
"Oregon","OR","711AS","Arts, Entertainment, Recreation",7702,509.489029,66150.2244871462,1939.59,1325.99876391,0.683649,0.312885,1.2857,1.8848,0.8446,1.2163,0.3941,0.5626,5.80845187011257,2.0725,3.4937,3.97094231255059,8.2297779427611,13.873281157358,5.80845187011257,12.0380165008083,20.2929882986123
"Oregon","OR","713","Amusement, Gambling, Recreation",19791,526.238669,26589.7968268405,1699.84,1003.19117312,0.590168,0.363814,1.3257,1.9997,0.7507,1.1689,0.4433,0.6329,19.7280443950165,1.9591,2.5044,11.6428605045181,22.8095280144014,29.1583798475151,19.7280443950165,38.6492117742767,49.4069143828792
"Oregon","OR","721","Accommodation",24360,852.73799,35005.6646141215,2735.93,1679.08675181,0.613717,0.30663,1.3076,1.9263,0.7789,1.1628,0.407,0.581,14.5078864887361,1.9593,2.6139,8.90373657220762,17.4450910659264,23.2734770260935,14.5078864887361,28.4253019973806,37.9221644929072
"Oregon","OR","722","Food Services & Drinking Places",154555,4309.415899,27882.7336482158,13025.77,6981.99508078,0.536014,0.363234,1.4031,2.1206,0.7373,1.1825,0.472,0.6738,22.136222986673,2.17,2.7396,11.8653254279785,25.7477561787134,32.50624554249,22.136222986673,48.0356038810804,60.6443964942893
"Pennsylvania","PA","711AS","Arts, Entertainment, Recreation",28048,2378.819284,84812.4388191671,8333.08,5696.90180892,0.683649,0.312885,1.2886,2.144,0.8459,1.3655,0.3941,0.6581,4.92337781846327,2.1563,4.5607,3.3658623222146,7.25780892539133,15.3506882929241,4.92337781846327,10.6162795899523,22.4540492166654
"Pennsylvania","PA","713","Amusement, Gambling, Recreation",71803,1922.753044,26778.1714413047,6122.94,3613.56325392,0.590168,0.363814,1.3269,2.2859,0.7513,1.3339,0.4418,0.7378,19.8704145892861,1.9378,2.7115,11.7268828373298,22.7243535621776,31.7974428134197,19.8704145892861,38.5048893911185,53.8786291588492
"Pennsylvania","PA","721","Accommodation",56973,2015.575271,35377.7275376055,7234.72,4440.07065424,0.613717,0.30663,1.3125,2.1973,0.7819,1.3195,0.4076,0.6807,12.831552566758,1.9927,3.0557,7.874941946613,15.6923968170157,24.0634601062653,12.831552566758,25.5694347997786,39.2093751782423
"Pennsylvania","PA","722","Food Services & Drinking Places",404496,9393.238522,23222.0801244017,29073.29,15583.69046606,0.536014,0.363234,1.4001,2.4208,0.737,1.3571,0.4703,0.7853,25.9563677089813,2.102,2.7961,13.9129764811619,29.2450765634024,38.9020735389768,25.9563677089813,54.5602849242788,72.5765997510827
"Rhode Island","RI","711AS","Arts, Entertainment, Recreation",2240,101.476801,45302.1433035714,453.45,310.00063905,0.683649,0.312885,1.2723,1.9083,0.8373,1.2321,0.3915,0.5813,7.22579155599325,1.971,3.2275,4.93990517146323,9.73655309295402,15.9435439408976,7.22579155599325,14.2420351568627,23.3212422469682
"Rhode Island","RI","713","Amusement, Gambling, Recreation",5844,178.840219,30602.3646475017,519.68,306.69850624,0.590168,0.363814,1.2876,1.9951,0.7328,1.1721,0.4355,0.6468,19.0545434069604,1.9541,2.5682,11.245381773399,21.974600523399,28.8803894704434,19.0545434069604,37.2344832715414,48.9358783777557
"Rhode Island","RI","721","Accommodation",5976,239.217423,40029.6892570281,1274.52,782.19459084,0.613717,0.30663,1.2748,1.925,0.7627,1.1664,0.4002,0.5943,7.64004260574388,2.2187,3.5721,4.68882402786932,10.4030938706337,16.748948309952,7.64004260574388,16.9509625293639,27.2909961919777
"Rhode Island","RI","722","Food Services & Drinking Places",45173,1252.957826,27736.8743718593,3494.31,1872.99908034,0.536014,0.363234,1.3519,2.1015,0.7131,1.1786,0.4615,0.6853,24.1180043675194,2.1244,2.6904,12.9275879930516,27.4633679324387,34.7803827365059,24.1180043675194,51.2362884783583,64.8870789503743
"South Carolina","SC","711AS","Arts, Entertainment, Recreation",7636,283.936334,37183.9096385542,948.88,648.70086312,0.683649,0.312885,1.2221,1.9343,0.8035,1.2491,0.3745,0.5839,11.7712191151925,1.7872,2.7389,8.04738217688222,14.3822814265239,22.0409750442627,11.7712191151925,21.037522802672,32.2401920346007
"South Carolina","SC","713","Amusement, Gambling, Recreation",28341,693.560327,24471.9779471437,1686.79,995.48948072,0.590168,0.363814,1.2808,2.1006,0.727,1.2399,0.4311,0.6721,28.4694118309538,1.8843,2.409,16.8017358414503,31.6595108460449,40.4753816420538,28.4694118309538,53.6449127130662,68.5828131007676
"South Carolina","SC","721","Accommodation",31917,1137.418961,35636.7754174891,5136.05,3152.08119785,0.613717,0.30663,1.2509,1.988,0.7475,1.2086,0.3876,0.6043,10.1256909313663,2.1185,3.3939,6.21430866132534,13.1650128990177,21.0907421656721,10.1256909313663,21.4512762380995,34.3655824519641
"South Carolina","SC","722","Food Services & Drinking Places",210412,4829.835943,22954.1848516244,12782.12,6851.39526968,0.536014,0.363234,1.3307,2.1856,0.6987,1.2335,0.4495,0.7008,30.7108248346366,2.0815,2.64,16.4614320629129,34.2644708389532,43.45818064609,30.7108248346366,63.924581893296,81.0765775634405
"South Dakota","SD","711AS","Arts, Entertainment, Recreation",1938,56.455148,29130.6233230134,182.4,124.6975776,0.683649,0.312885,1.2223,1.746,0.8037,1.1223,0.3753,0.5291,15.5416010262576,1.7348,2.2849,10.625,18.43225,24.2770625,15.5416010262576,26.9615694603517,35.511004184896
"South Dakota","SD","713","Amusement, Gambling, Recreation",5552,121.44257,21873.6617435159,352.44,207.99880992,0.590168,0.363814,1.2945,1.9006,0.7317,1.1005,0.4343,0.6124,26.6924604142466,1.9178,2.3471,15.7530359777551,30.2111723981387,36.973950743389,26.6924604142466,51.1908005824421,62.6498738382782
"South Dakota","SD","721","Accommodation",8207,225.058034,27422.6920921165,1049.83,644.29851811,0.613717,0.30663,1.2706,1.8239,0.7581,1.0948,0.3965,0.559,12.7378843336077,2.0584,2.8482,7.81745615956869,16.0914517588562,22.2656786336835,12.7378843336077,26.219661112298,36.2800421589813
"South Dakota","SD","722","Food Services & Drinking Places",33670,722.758332,21465.9439263439,1874.76,1004.89760664,0.536014,0.363234,1.3629,2.0063,0.7142,1.1057,0.4611,0.6501,33.5059012754342,2.0907,2.4905,17.9596321662506,37.5482029699802,44.7284639100472,33.5059012754342,70.0507877965504,83.446447126469
"Tennessee","TN","711AS","Arts, Entertainment, Recreation",18472,2294.455454,124212.616608922,9638.43,6589.30303107,0.683649,0.312885,1.2818,1.8973,0.842,1.2184,0.3927,0.5731,2.80333138617248,2.5905,5.5374,1.91649469882543,4.96467951730728,10.6123977452759,2.80333138617248,7.26202995587981,15.5231672177915
"Tennessee","TN","713","Amusement, Gambling, Recreation",29204,793.5426,27172.3941925764,2139.03,1262.38705704,0.590168,0.363814,1.3056,1.9923,0.7396,1.1595,0.4381,0.6394,23.1339507460386,1.8953,2.3568,13.6529174438881,25.8763744314011,32.1771958317555,23.1339507460386,43.845776848967,54.5220951182638
"Tennessee","TN","721","Accommodation",37526,1437.187764,38298.453445611,6108.15,3748.67549355,0.613717,0.30663,1.2877,1.9182,0.768,1.1535,0.4022,0.587,10.0104690482192,2.0923,3.034,6.14359503286593,12.8542438872654,18.6396673297152,10.0104690482192,20.944904389589,30.371763092297
"Tennessee","TN","722","Food Services & Drinking Places",276114,6907.541529,25016.9912753428,20411.02,10940.59247428,0.536014,0.363234,1.3719,2.1009,0.7211,1.1669,0.4651,0.6787,25.2375728873103,2.1042,2.5987,13.5276923936187,28.4649703346526,35.154414223297,25.2375728873103,53.1049008694783,65.5848806622533
"Texas","TX","711AS","Arts, Entertainment, Recreation",42592,4006.837352,94074.8814800902,12431.53,8498.80305297,0.683649,0.312885,1.2872,1.9793,0.8428,1.2543,0.3918,0.5856,5.01152923941634,2.1692,4.0971,3.42612695299774,7.4319545864427,14.037184739127,5.01152923941634,10.8710092261419,20.5327364468127
"Texas","TX","713","Amusement, Gambling, Recreation",117062,3323.0146,28386.7916146999,9001.07,5312.14347976,0.590168,0.363814,1.3674,2.1604,0.7687,1.2403,0.449,0.671,22.0366788747372,1.9429,2.5249,13.0053426981459,25.2680803282276,32.8371897785485,22.0366788747372,42.8150633857269,55.6404104908239
"Texas","TX","721","Accommodation",129473,4796.346572,37045.1489654214,16403.23,10066.94110591,0.613717,0.30663,1.3164,2.0263,0.7803,1.2025,0.4019,0.6007,12.861205666932,2.0205,2.8789,7.89314055829248,15.94809049803,22.7235623532682,12.861205666932,25.986066050036,37.0261249945304
"Texas","TX","722","Food Services & Drinking Places",1193357,30019.216119,25155.2688080767,78320.67,41980.97560938,0.536014,0.363234,1.4269,2.2562,0.7451,1.2383,0.4695,0.7017,28.4261378559617,2.1041,2.6235,15.2368078567254,32.059767411336,39.9737654121192,28.4261378559617,59.8114366627289,74.5759726651154
"Utah","UT","711AS","Arts, Entertainment, Recreation",7871,492.045027,62513.6611612248,1244.21,850.60292229,0.683649,0.312885,1.2855,1.8281,0.8442,1.1761,0.393,0.5455,9.25343634937161,1.9095,2.7977,6.32610250681155,12.0796927367567,17.6985369833067,9.25343634937161,17.6694367091251,25.888338874637
"Utah","UT","713","Amusement, Gambling, Recreation",22599,551.644135,24410.1126156025,1467.53,866.08924504,0.590168,0.363814,1.3257,1.9357,0.7518,1.1249,0.4419,0.6133,26.0931539439175,1.9045,2.3146,15.3993444767739,29.3280515560159,35.6433227259409,26.0931539439175,49.6944116861909,60.3952141185914
"Utah","UT","721","Accommodation",22360,807.786158,36126.393470483,3047.64,1870.38847788,0.613717,0.30663,1.2981,1.8514,0.7744,1.1129,0.4008,0.5563,11.9547357484495,2.0748,2.8558,7.33682455933115,15.2224435957003,20.9525035765379,11.9547357484495,24.8036857308829,34.140334350422
"Utah","UT","722","Food Services & Drinking Places",119335,2711.46121,22721.4246449072,6498.52,3483.29769928,0.536014,0.363234,1.39,2.0325,0.7321,1.1252,0.4654,0.646,34.259202141886,2.0662,2.4285,18.3634119768809,37.9424818266313,44.5955459858552,34.259202141886,70.7863634655649,83.1984724015702
"Vermont","VT","711AS","Arts, Entertainment, Recreation",1438,56.766223,39475.8157162726,313.03,214.00264647,0.683649,0.312885,1.2737,2.0711,0.8378,1.3363,0.3896,0.6204,6.71954306977034,2.0144,3.6119,4.59380890010542,9.25376864837236,16.5923783662908,6.71954306977034,13.5358475597454,24.2703176137035
"Vermont","VT","713","Amusement, Gambling, Recreation",3121,86.93353,27854.3832105095,285.17,168.29820856,0.590168,0.363814,1.3013,2.1938,0.74,1.2979,0.4361,0.6944,18.5444635846337,1.9629,2.7134,10.9443489848161,21.4826626222955,29.6963965353999,18.5444635846337,36.4009275702774,50.318547490545
"Vermont","VT","721","Accommodation",10718,413.04882,38537.8634073521,1698.33,1042.29399261,0.613717,0.30663,1.2638,2.0577,0.7552,1.2515,0.3879,0.6177,10.2830871865251,2.0504,3.2082,6.31090541885264,12.9398804708154,20.246646764763,10.2830871865251,21.0844419672511,32.9902003118099
"Vermont","VT","722","Food Services & Drinking Places",19439,527.624817,27142.5905139153,1669.36,894.80033104,0.536014,0.363234,1.3521,2.2765,0.7111,1.289,0.4517,0.7192,21.7243996517152,2.1499,2.8805,11.6445823549145,25.0346876048306,33.5422194733311,21.7243996517152,46.7052868112225,62.5771331967656
"Virginia","VA","711AS","Arts, Entertainment, Recreation",13719,1028.074246,74937.9871710766,3450.31,2358.80098119,0.683649,0.312885,1.2641,1.9542,0.8298,1.2534,0.3875,0.5946,5.81609050928869,2.0015,3.5502,3.9761644605847,7.95829316786028,14.1161790679678,5.81609050928869,11.6409051543413,20.6482845260767
"Virginia","VA","713","Amusement, Gambling, Recreation",50889,1229.220271,24154.9307512429,2809.51,1658.08289768,0.590168,0.363814,1.3352,2.1298,0.755,1.2427,0.4461,0.6846,30.6914690883093,1.8463,2.2377,18.1131229289093,33.4422588636453,40.5317351780204,30.6914690883093,56.6656593777454,68.6783003789097
"Virginia","VA","721","Accommodation",40985,1452.440209,35438.3361961693,5816,3569.378072,0.613717,0.30663,1.3154,2.045,0.783,1.2309,0.4097,0.6287,11.4823924989922,2.0219,2.9457,7.04693947730399,14.2482069291609,20.7581696182944,11.4823924989922,23.2162493937123,33.8236835842813
"Virginia","VA","722","Food Services & Drinking Places",303093,7845.803726,25885.7965244991,22596.22,12111.89026708,0.536014,0.363234,1.4147,2.2609,0.7423,1.2617,0.4751,0.7291,25.0244176025772,2.1032,2.6661,13.4134381768278,28.2111431735042,35.7615675232406,25.0244176025772,52.6313551017403,66.717599770231
"Washington","WA","711AS","Arts, Entertainment, Recreation",15299,1256.684966,82141.641022289,3713.89,2538.99718461,0.683649,0.312885,1.2736,1.8527,0.8358,1.1898,0.389,0.5564,6.02560731171114,1.9905,3.0215,4.11940041304401,8.19966652216409,12.4467683480125,6.02560731171114,11.993971353961,18.2063724923352
"Washington","WA","713","Amusement, Gambling, Recreation",38601,1123.806577,29113.405792596,4084.73,2410.67693464,0.590168,0.363814,1.3408,2.0025,0.7557,1.1602,0.4444,0.6357,16.012514761031,1.9893,2.5027,9.45007381148815,18.7990318331934,23.6506997280114,16.012514761031,31.853695614119,40.0745206924323
"Washington","WA","721","Accommodation",33068,1349.140844,40798.9852425305,7195.62,4416.07431954,0.613717,0.30663,1.3034,1.9023,0.7744,1.1405,0.4023,0.5755,7.48809861593193,2.2591,3.2147,4.59557341827389,10.3818599092226,14.7733898677251,7.48809861593193,16.9163635832518,24.0719906206364
"Washington","WA","722","Food Services & Drinking Places",250218,7849.235208,31369.5865525262,23641.72,12672.29290408,0.536014,0.363234,1.4024,2.099,0.7337,1.1595,0.4678,0.6693,19.7452822385,2.1939,2.6765,10.5837477137873,23.219684109278,28.3274007559518,19.7452822385,43.3191747030451,52.8482479113452
"West Virginia","WV","711AS","Arts, Entertainment, Recreation",1013,29.196313,28821.631786772,196.59,134.39855691,0.683649,0.312885,1.2158,1.8349,0.7996,1.1849,0.3718,0.5498,7.5372833108495,1.8879,3.1573,5.15285619817895,9.72807721654204,16.2691128745104,7.5372833108495,14.2296371625528,23.7974645973451
"West Virginia","WV","713","Amusement, Gambling, Recreation",7735,158.882483,20540.7217840983,508.32,299.99419776,0.590168,0.363814,1.2781,1.9914,0.7255,1.1695,0.4284,0.6335,25.7838320132715,1.8838,2.3791,15.2167925716084,28.665393846396,36.2022712071136,25.7838320132715,48.5715827466009,61.3423147427743
"West Virginia","WV","721","Accommodation",10215,323.736054,31692.2226138032,1336.6,820.2941422,0.613717,0.30663,1.2349,1.867,0.7384,1.1319,0.3796,0.5615,12.4528501113073,1.9931,2.8671,7.64252581176119,15.2323181954212,21.9118857549005,12.4528501113073,24.8197755568466,35.7035665541292
"West Virginia","WV","722","Food Services & Drinking Places",52643,1090.899157,20722.5871815816,3392.07,1818.19700898,0.536014,0.363234,1.3154,2.0511,0.6905,1.1484,0.4418,0.6535,28.9534080960415,2.0728,2.5737,15.5194320871916,32.1686788303307,39.942362362805,28.9534080960415,60.0146243014749,74.5173864167821
"Wisconsin","WI","711AS","Arts, Entertainment, Recreation",12743,1039.697192,81589.6721337205,2407.38,1645.80292962,0.683649,0.312885,1.2878,1.8607,0.845,1.1956,0.3943,0.5598,7.7427253109473,1.9672,3.0173,5.29330641610381,10.4129923817594,15.97149344931,7.7427253109473,15.2314892316955,23.3621250807213
"Wisconsin","WI","713","Amusement, Gambling, Recreation",32435,671.493794,20702.7530137197,2031.43,1198.88498024,0.590168,0.363814,1.3317,1.9758,0.7523,1.1465,0.4434,0.6294,27.0543050706223,1.8953,2.2868,15.966585114919,30.2614687683061,36.5123868407969,27.0543050706223,51.2760244003505,61.8677848354992
"Wisconsin","WI","721","Accommodation",30070,847.114196,28171.4065846358,2969.59,1822.48786603,0.613717,0.30663,1.3141,1.9067,0.7814,1.1441,0.4079,0.5791,16.4994239799811,1.9447,2.5126,10.1259769867221,19.6919874460784,25.4425297768379,16.4994239799811,32.0864298138693,41.4564526921006
"Wisconsin","WI","722","Food Services & Drinking Places",206643,4229.106516,20465.7622856811,13400.95,7183.0968133,0.536014,0.363234,1.41,2.0962,0.7396,1.1595,0.4724,0.6706,28.7679541806239,2.1062,2.538,15.4200261921729,32.4776591659546,39.1360264757349,28.7679541806239,60.5910650952301,73.0130677104235
"Wyoming","WY","711AS","Arts, Entertainment, Recreation",903,33.372373,36957.2236987818,119.07,81.40208643,0.683649,0.312885,1.2254,1.7073,0.8063,1.1106,0.3734,0.507,11.0930817575114,1.8456,2.4916,7.58377425044092,13.9966137566138,18.8957319223986,11.0930817575114,20.4733916916631,27.6395225070154
"Wyoming","WY","713","Amusement, Gambling, Recreation",3158,85.56068,27093.3122229259,349.05,205.9981404,0.590168,0.363814,1.2848,1.8391,0.7312,1.0811,0.4295,0.5832,15.3302354762422,2.1075,2.7304,9.0474144105429,19.0674258702192,24.7030603065463,15.3302354762422,32.3084712661804,41.8576749443317
"Wyoming","WY","721","Accommodation",12160,431.967366,35523.6320723684,1209.34,742.19251678,0.613717,0.30663,1.2215,1.6976,0.7314,1.032,0.3689,0.501,16.3838892539043,1.933,2.4144,10.0550713612384,19.4364529412738,24.2769642945739,16.3838892539043,31.6700579277969,39.5572622146265
"Wyoming","WY","722","Food Services & Drinking Places",22022,498.917,22655.390064481,1246.8,668.3022552,0.536014,0.363234,1.3078,1.8671,0.6877,1.0408,0.4334,0.5885,32.9521557478653,2.0874,2.4094,17.6628168110363,36.8693638113571,42.5567908245108,32.9521557478653,68.784329908094,79.3949240589066
